{"cameraMode":{"drawMode":0,"name":"Shaded","section":"Shading Mode"},"sceneLighting":false,"audioPlay":false,"sceneViewState":{"showFog":true,"showMaterialUpdate":false,"showSkybox":true,"showFlares":true,"showImageEffects":true,"showParticleSystems":true},"in2DMode":false,"pivot":{"x":-0.3804645538330078,"y":-50.89109802246094,"z":-51.57817077636719},"rotation":{"x":-0.010384208522737027,"y":0.9108322858810425,"z":-0.41201820969581606,"w":-0.022956646978855134},"size":100.26690673828125,"orthographic":false}