{"cameraMode":{"drawMode":0,"name":"Shaded","section":"Shading Mode"},"sceneLighting":false,"audioPlay":false,"sceneViewState":{"showFog":true,"showMaterialUpdate":false,"showSkybox":true,"showFlares":true,"showImageEffects":true,"showParticleSystems":true},"in2DMode":false,"pivot":{"x":2.086162567138672e-7,"y":0.0,"z":8.940696716308594e-8},"rotation":{"x":0.01725810579955578,"y":0.9601472616195679,"z":-0.27226167917251589,"w":0.06085987761616707},"size":1.6294524669647217,"orthographic":false}