{"cameraMode":{"drawMode":0,"name":"Shaded","section":"Shading Mode"},"sceneLighting":false,"audioPlay":false,"sceneViewState":{"showFog":true,"showMaterialUpdate":false,"showSkybox":true,"showFlares":true,"showImageEffects":true,"showParticleSystems":true},"in2DMode":false,"pivot":{"x":0.0000014901161193847657,"y":0.15791988372802735,"z":-8.940696716308594e-7},"rotation":{"x":-0.19821949303150178,"y":0.050549134612083438,"z":-0.010237020440399647,"w":-0.9788068532943726},"size":12.940897941589356,"orthographic":false}