{"cameraMode":{"drawMode":0,"name":"Shaded","section":"Shading Mode"},"sceneLighting":false,"audioPlay":false,"sceneViewState":{"showFog":true,"showMaterialUpdate":false,"showSkybox":true,"showFlares":true,"showImageEffects":true,"showParticleSystems":true},"in2DMode":false,"pivot":{"x":-1.2059590816497803,"y":-55.39459228515625,"z":-46.407997131347659},"rotation":{"x":-0.010384208522737027,"y":0.9108322858810425,"z":-0.41201820969581606,"w":-0.022956646978855134},"size":98.10969543457031,"orthographic":false}