{"cameraMode":{"drawMode":0,"name":"Shaded","section":"Shading Mode"},"sceneLighting":false,"audioPlay":false,"sceneViewState":{"showFog":true,"showMaterialUpdate":false,"showSkybox":true,"showFlares":true,"showImageEffects":true,"showParticleSystems":true},"in2DMode":false,"pivot":{"x":60.96626281738281,"y":-36.315059661865237,"z":-82.5514907836914},"rotation":{"x":0.054275497794151309,"y":0.9353824853897095,"z":-0.16471725702285767,"w":0.30821356177330019},"size":115.49834442138672,"orthographic":false}