{"cameraMode":{"drawMode":0,"name":"Shaded","section":"Shading Mode"},"sceneLighting":false,"audioPlay":false,"sceneViewState":{"showFog":true,"showMaterialUpdate":false,"showSkybox":true,"showFlares":true,"showImageEffects":true,"showParticleSystems":true},"in2DMode":false,"pivot":{"x":-16.91016960144043,"y":-27.987472534179689,"z":50.95090103149414},"rotation":{"x":-0.2358826994895935,"y":0.16722489893436433,"z":-0.041243892163038257,"w":-0.9564040303230286},"size":66.1470947265625,"orthographic":false}