{"cameraMode":{"drawMode":0,"name":"Shaded","section":"Shading Mode"},"sceneLighting":false,"audioPlay":false,"sceneViewState":{"showFog":true,"showMaterialUpdate":false,"showSkybox":true,"showFlares":true,"showImageEffects":true,"showParticleSystems":true},"in2DMode":false,"pivot":{"x":-7.951921463012695,"y":-55.063804626464847,"z":-46.484375},"rotation":{"x":-0.010038694366812706,"y":0.9169095754623413,"z":-0.3983098864555359,"w":-0.023109829053282739},"size":100.64976501464844,"orthographic":false}