{"cameraMode":{"drawMode":0,"name":"Shaded","section":"Shading Mode"},"sceneLighting":false,"audioPlay":false,"sceneViewState":{"showFog":true,"showMaterialUpdate":false,"showSkybox":true,"showFlares":true,"showImageEffects":true,"showParticleSystems":true},"in2DMode":false,"pivot":{"x":-44.42111587524414,"y":35.73937225341797,"z":88.5570068359375},"rotation":{"x":-0.11851345747709274,"y":0.01697658747434616,"z":-0.0020251725800335409,"w":-0.992814838886261},"size":136.34158325195313,"orthographic":false}