{"cameraMode":{"drawMode":0,"name":"Shaded","section":"Shading Mode"},"sceneLighting":false,"audioPlay":false,"sceneViewState":{"showFog":true,"showMaterialUpdate":false,"showSkybox":true,"showFlares":true,"showImageEffects":true,"showParticleSystems":true},"in2DMode":false,"pivot":{"x":4.653846740722656,"y":-7.773904323577881,"z":-0.129302978515625},"rotation":{"x":-0.13155008852481843,"y":0.861187756061554,"z":-0.4020790457725525,"w":-0.281760036945343},"size":181.77508544921876,"orthographic":false}