{"cameraMode":{"drawMode":0,"name":"Shaded","section":"Shading Mode"},"sceneLighting":false,"audioPlay":false,"sceneViewState":{"showFog":true,"showMaterialUpdate":false,"showSkybox":true,"showFlares":true,"showImageEffects":true,"showParticleSystems":true},"in2DMode":false,"pivot":{"x":1.9503514766693116,"y":-0.13999998569488526,"z":2.759999990463257},"rotation":{"x":-0.057251349091529849,"y":0.030542977154254915,"z":-0.0017508551245555282,"w":-0.9979005455970764},"size":5.7157673835754398,"orthographic":true}