{"cameraMode":{"drawMode":0,"name":"Shaded","section":"Shading Mode"},"sceneLighting":false,"audioPlay":false,"sceneViewState":{"showFog":true,"showMaterialUpdate":false,"showSkybox":true,"showFlares":true,"showImageEffects":true,"showParticleSystems":true},"in2DMode":false,"pivot":{"x":31.46715545654297,"y":-50.50516891479492,"z":-66.1115493774414},"rotation":{"x":0.05101429671049118,"y":0.9384241700172424,"z":-0.302994042634964,"w":0.15799839794635774},"size":156.66891479492188,"orthographic":false}